City,Lat,Lng,Max Temp,Humidity,Cloudiness,Wind Speed,Country,Date
kapaa,22.08,-159.32,80.6,78,40,13.87,US,1602588676
ancud,-41.87,-73.82,51.01,100,90,10.29,CL,1602588676
gazli,40.13,63.45,71.53,20,0,14.61,UZ,1602588676
college,64.86,-147.8,26.6,49,90,11.41,US,1602588677
cape town,-33.93,18.42,66.99,48,12,18.34,ZA,1602588644
punta arenas,-53.15,-70.92,39.2,80,34,17.22,CL,1602588677
sabha,27.04,14.43,91.18,17,1,2.71,LY,1602588677
port alfred,-33.59,26.89,65.26,54,28,31.45,ZA,1602588678
provideniya,64.38,-173.3,29.66,90,10,2.3,RU,1602588678
isilkul,54.91,71.27,50.61,80,98,5.86,RU,1602588678
rikitea,-23.12,-134.97,72.48,74,0,14.5,PF,1602588678
upernavik,72.79,-56.15,24.08,92,0,11.99,GL,1602588678
mataura,-46.19,168.86,48.0,75,99,15.01,NZ,1602588678
pudozh,61.81,36.53,46.99,91,100,0.4,RU,1602588678
kolyvan,55.31,82.74,46.4,75,75,6.71,RU,1602588679
butaritari,3.07,172.79,82.54,76,19,19.51,KI,1602588679
gobabis,-22.45,18.97,90.14,11,0,7.29,NA,1602588679
soligalich,59.08,42.29,54.52,82,100,6.89,RU,1602588679
kajaani,64.23,27.73,46.4,81,90,8.05,FI,1602588679
kapaa,22.08,-159.32,80.6,78,40,13.87,US,1602588676
coihaique,-45.58,-72.07,48.2,81,20,4.7,CL,1602588679
punta arenas,-53.15,-70.92,39.2,80,34,17.22,CL,1602588679
ushuaia,-54.8,-68.3,38.86,78,51,9.95,AR,1602588680
codrington,-38.27,141.97,45.12,88,12,6.4,AU,1602588680
puerto ayora,-0.74,-90.35,66.99,97,78,7.0,EC,1602588680
batemans bay,-35.72,150.18,59.0,95,99,1.99,AU,1602588680
umm lajj,25.02,37.27,90.09,53,0,9.46,SA,1602588680
busselton,-33.65,115.33,66.0,61,95,16.44,AU,1602588680
ushuaia,-54.8,-68.3,38.86,78,51,9.95,AR,1602588680
kavaratti,10.57,72.64,81.55,80,94,18.9,IN,1602588488
tura,25.52,90.22,77.27,91,59,2.33,IN,1602588681
vaini,-21.2,-175.2,71.6,78,75,10.29,TO,1602588681
lebu,-37.62,-73.65,52.21,80,0,18.03,CL,1602588681
tuatapere,-46.13,167.68,48.0,75,84,15.01,NZ,1602588681
pangnirtung,66.15,-65.71,24.8,85,20,3.71,CA,1602588681
ribeira grande,38.52,-28.7,71.6,60,40,9.17,PT,1602588681
ancud,-41.87,-73.82,51.01,100,90,10.29,CL,1602588676
la cruz,23.92,-106.9,75.0,94,100,1.99,MX,1602588682
airai,-8.93,125.41,62.83,98,97,2.86,TL,1602588682
puerto ayora,-0.74,-90.35,66.99,97,78,7.0,EC,1602588680
mataura,-46.19,168.86,48.0,75,99,15.01,NZ,1602588678
port alfred,-33.59,26.89,65.66,52,34,33.84,ZA,1602588500
grindavik,63.84,-22.43,44.6,93,75,19.46,IS,1602588683
ushuaia,-54.8,-68.3,38.86,78,51,9.95,AR,1602588680
tiksi,71.69,128.87,13.1,96,76,3.2,RU,1602588683
busselton,-33.65,115.33,66.0,61,95,16.44,AU,1602588680
tripoli,32.88,13.19,72.5,46,0,18.45,LY,1602588683
mar del plata,-38.0,-57.56,55.99,81,0,5.82,AR,1602588683
kirakira,-10.45,161.92,77.79,86,100,8.23,SB,1602588684
san patricio,28.02,-97.52,71.6,83,20,6.93,US,1602588684
guerrero negro,27.98,-114.06,73.9,62,95,2.15,MX,1602588684
althofen,46.88,14.47,51.01,65,75,5.82,AT,1602588684
coburg,50.27,10.97,59.0,58,20,1.01,DE,1602588685
ushuaia,-54.8,-68.3,38.86,78,51,9.95,AR,1602588680
bluff,-46.6,168.33,48.0,75,95,15.01,NZ,1602588685
zhigansk,66.77,123.37,15.01,95,88,11.07,RU,1602588479
avarua,-21.21,-159.78,71.6,68,63,12.75,CK,1602588685
cherskiy,68.75,161.3,26.74,87,92,10.98,RU,1602588685
hermanus,-34.42,19.23,66.0,55,11,7.0,ZA,1602588685
albany,42.6,-73.97,48.99,89,100,4.32,US,1602588685
port hardy,50.7,-127.42,44.6,93,90,29.97,CA,1602588686
bulungu,-4.55,18.6,82.54,68,54,4.54,CD,1602588686
port lincoln,-34.73,135.87,61.21,84,26,11.68,AU,1602588686
puerto ayora,-0.74,-90.35,66.99,97,78,7.0,EC,1602588680
kalmunai,7.42,81.82,89.22,48,9,15.52,LK,1602588686
ushuaia,-54.8,-68.3,38.86,78,51,9.95,AR,1602588680
namibe,-15.2,12.15,75.2,64,4,6.93,AO,1602588686
punta arenas,-53.15,-70.92,39.2,80,34,17.22,CL,1602588679
sundumbili,-29.13,31.4,80.6,47,20,9.17,ZA,1602588687
castro,-24.79,-50.01,75.96,43,0,1.12,BR,1602588687
port alfred,-33.59,26.89,65.66,52,34,33.84,ZA,1602588500
hobart,-42.88,147.33,46.4,75,9,3.36,AU,1602588687
kenai,60.55,-151.26,37.0,86,75,2.33,US,1602588447
rikitea,-23.12,-134.97,72.48,74,0,14.5,PF,1602588678
honningsvag,70.98,25.97,37.4,69,75,14.99,NO,1602588688
bengkulu,-3.8,102.27,78.8,85,76,3.56,ID,1602588640
bonnyville,54.27,-110.73,32.0,94,5,12.75,CA,1602588688
ushuaia,-54.8,-68.3,38.86,78,51,9.95,AR,1602588680
georgetown,5.41,100.34,80.01,88,20,3.36,MY,1602588473
gazojak,41.19,61.4,70.99,20,0,12.1,TM,1602588688
barrow,71.29,-156.79,26.6,58,90,14.99,US,1602588688
puerto quijarro,-17.78,-57.77,91.83,43,49,1.19,BO,1602588689
thompson,55.74,-97.86,35.6,80,75,12.75,CA,1602588689
arraial do cabo,-22.97,-42.03,77.0,69,57,14.99,BR,1602588689
lima,-12.04,-77.03,60.8,87,90,5.82,PE,1602588406
hobart,-42.88,147.33,46.4,75,9,3.36,AU,1602588687
hilo,19.73,-155.09,73.4,88,90,9.17,US,1602588689
saskylakh,71.92,114.08,20.95,96,93,8.66,RU,1602588689
chokurdakh,70.63,147.92,19.42,93,100,8.21,RU,1602588690
fort nelson,58.81,-122.7,32.0,97,90,5.82,CA,1602588690
puerto ayora,-0.74,-90.35,66.99,97,78,7.0,EC,1602588680
avarua,-21.21,-159.78,71.6,68,63,12.75,CK,1602588685
isangel,-19.55,169.27,75.38,82,90,10.58,VU,1602588690
busselton,-33.65,115.33,66.0,61,95,16.44,AU,1602588680
pitimbu,-7.47,-34.81,82.4,69,75,14.99,BR,1602588690
leningradskiy,69.38,178.42,19.29,87,28,4.65,RU,1602588691
karaikkudi,10.07,78.78,87.76,51,78,16.49,IN,1602588691
ushuaia,-54.8,-68.3,38.86,78,51,9.95,AR,1602588680
mehamn,71.04,27.85,39.2,64,75,12.75,NO,1602588691
port blair,11.67,92.75,81.41,81,100,14.32,IN,1602588597
port elizabeth,-33.92,25.57,66.2,55,20,34.45,ZA,1602588608
bluff,-46.6,168.33,48.0,75,95,15.01,NZ,1602588685
punta arenas,-53.15,-70.92,39.2,80,34,17.22,CL,1602588679
sur,22.57,59.53,82.26,46,0,12.62,OM,1602588692
rikitea,-23.12,-134.97,72.48,74,0,14.5,PF,1602588678
thompson,55.74,-97.86,35.6,80,75,12.75,CA,1602588689
sabya,17.15,42.63,96.8,53,20,16.11,SA,1602588692
nyimba,-14.56,30.81,81.46,53,86,2.42,ZM,1602588692
namatanai,-3.67,152.43,80.1,81,97,0.43,PG,1602588692
mahebourg,-20.41,57.7,80.6,69,40,14.99,MU,1602588693
chuy,-33.7,-53.46,58.14,83,100,8.03,UY,1602588693
havelock,34.88,-76.9,70.0,88,90,11.41,US,1602588693
geraldton,-28.77,114.6,68.0,77,90,9.17,AU,1602588693
cape town,-33.93,18.42,66.99,48,12,18.34,ZA,1602588644
leningradskiy,69.38,178.42,19.29,87,28,4.65,RU,1602588691
punta arenas,-53.15,-70.92,39.2,80,34,17.22,CL,1602588679
hobart,-42.88,147.33,46.4,75,9,3.36,AU,1602588687
ust-kuyga,70.02,135.6,13.87,95,100,1.59,RU,1602588694
rikitea,-23.12,-134.97,72.48,74,0,14.5,PF,1602588678
barsovo,61.17,73.17,50.0,71,98,8.95,RU,1602588694
butaritari,3.07,172.79,82.54,76,19,19.51,KI,1602588679
kapaa,22.08,-159.32,80.6,78,40,13.87,US,1602588676
iqaluit,63.75,-68.51,17.6,78,75,5.82,CA,1602588694
hasaki,35.73,140.83,68.0,88,75,4.7,JP,1602588490
rikitea,-23.12,-134.97,72.48,74,0,14.5,PF,1602588678
bredasdorp,-34.53,20.04,66.2,48,40,9.17,ZA,1602588695
glenwood springs,39.55,-107.32,34.0,40,1,9.17,US,1602588648
mantua,45.17,10.78,63.0,36,28,11.41,IT,1602588695
lorengau,-2.02,147.27,82.33,77,99,6.4,PG,1602588695
palmer,42.16,-72.33,52.0,100,90,8.05,US,1602588695
lima,-12.04,-77.03,60.8,87,90,5.82,PE,1602588406
albany,42.6,-73.97,48.99,89,100,4.32,US,1602588685
mantua,45.17,10.78,63.0,36,28,11.41,IT,1602588695
foca,38.67,26.76,82.4,51,75,20.8,TR,1602588696
hobart,-42.88,147.33,46.4,75,9,3.36,AU,1602588687
andenes,69.31,16.12,41.0,80,75,11.41,NO,1602588466
zelenogorsk,56.11,94.59,37.45,92,100,3.4,RU,1602588696
rikitea,-23.12,-134.97,72.48,74,0,14.5,PF,1602588678
swan hill,-35.34,143.55,60.42,87,0,6.93,AU,1602588697
yellowknife,62.46,-114.35,24.8,68,20,23.04,CA,1602588506
mataura,-46.19,168.86,48.0,75,99,15.01,NZ,1602588678
mahajanga,-15.72,46.32,86.0,66,40,12.75,MG,1602588698
tuatapere,-46.13,167.68,48.0,75,84,15.01,NZ,1602588681
komsomolskiy,40.43,71.72,66.2,37,0,2.24,UZ,1602588698
ayan,56.45,138.17,39.27,74,17,11.36,RU,1602588671
busselton,-33.65,115.33,66.0,61,95,16.44,AU,1602588680
coffs harbour,-30.3,153.13,57.2,87,0,1.12,AU,1602588698
sitka,57.05,-135.33,42.8,87,75,4.47,US,1602588702
batagay-alyta,67.8,130.41,13.1,93,81,1.23,RU,1602588702
albany,42.6,-73.97,48.99,89,100,4.32,US,1602588685
envira,-7.3,-70.22,75.52,87,61,1.57,BR,1602588703
thompson,55.74,-97.86,35.6,80,75,12.75,CA,1602588689
punta arenas,-53.15,-70.92,39.2,80,34,17.22,CL,1602588679
flinders,-34.58,150.86,64.99,74,78,5.01,AU,1602588703
qaanaaq,77.48,-69.36,22.75,85,12,6.93,GL,1602588703
ponta do sol,32.67,-17.1,75.99,64,40,16.11,PT,1602588704
tuktoyaktuk,69.45,-133.04,21.45,93,100,12.91,CA,1602588704
yellowknife,62.46,-114.35,24.8,68,20,23.04,CA,1602588506
qaanaaq,77.48,-69.36,22.75,85,12,6.93,GL,1602588703
mar del plata,-38.0,-57.56,55.99,81,0,5.82,AR,1602588683
yarmouth,41.71,-70.23,57.99,93,90,12.75,US,1602588705
kidal,18.44,1.41,101.95,12,0,12.46,ML,1602588705
masunga,-20.62,27.45,75.2,57,20,4.7,BW,1602588705
mahebourg,-20.41,57.7,80.6,69,40,14.99,MU,1602588693
bluff,-46.6,168.33,48.0,75,95,15.01,NZ,1602588685
colombo,6.93,79.85,84.2,79,40,12.75,LK,1602588626
avera,33.19,-82.53,64.4,95,40,4.54,US,1602588706
saint george,37.1,-113.58,57.0,26,1,8.05,US,1602588706
esperance,-33.87,121.9,68.0,64,76,14.99,AU,1602588706
mastic beach,40.77,-72.85,59.0,87,90,4.7,US,1602588706
arraial do cabo,-22.97,-42.03,77.0,69,57,14.99,BR,1602588689
camana,-16.62,-72.71,64.51,70,97,5.17,PE,1602588706
mar del plata,-38.0,-57.56,55.99,81,0,5.82,AR,1602588683
ostrovnoy,68.05,39.51,39.0,75,93,15.08,RU,1602588707
cape town,-33.93,18.42,66.99,48,12,18.34,ZA,1602588644
ushuaia,-54.8,-68.3,38.86,78,51,9.95,AR,1602588680
ndola,-12.96,28.64,81.41,49,61,6.38,ZM,1602588707
puerto del rosario,28.5,-13.86,77.0,73,0,8.05,ES,1602588707
puerto ayora,-0.74,-90.35,66.99,97,78,7.0,EC,1602588680
jasper,37.2,-94.35,48.2,61,1,6.93,US,1602588708
hermanus,-34.42,19.23,66.0,55,11,7.0,ZA,1602588685
codrington,-38.27,141.97,45.12,88,12,6.4,AU,1602588680
novobirilyussy,56.95,90.67,36.55,98,100,4.0,RU,1602588708
brownwood,31.71,-98.99,44.6,81,90,6.11,US,1602588708
vaini,-21.2,-175.2,71.6,78,75,10.29,TO,1602588681
saldanha,-33.01,17.94,68.0,63,9,11.41,ZA,1602588709
kenai,60.55,-151.26,37.0,86,75,2.33,US,1602588447
mahajanga,-15.72,46.32,86.0,66,40,12.75,MG,1602588698
saint-philippe,-21.36,55.77,80.6,61,15,8.05,RE,1602588709
puerto ayora,-0.74,-90.35,66.99,97,78,7.0,EC,1602588680
kapaa,22.08,-159.32,80.6,78,40,13.87,US,1602588676
hami,42.8,93.45,50.79,43,7,4.23,CN,1602588709
ushuaia,-54.8,-68.3,38.86,78,51,9.95,AR,1602588680
bluff,-46.6,168.33,48.0,75,95,15.01,NZ,1602588685
hilo,19.73,-155.09,73.4,88,90,9.17,US,1602588689
esperance,-33.87,121.9,68.0,64,76,14.99,AU,1602588706
ciamis,-7.33,108.35,74.75,90,95,3.11,ID,1602588428
nikolskoye,59.7,30.79,46.99,93,90,1.79,RU,1602588710
butaritari,3.07,172.79,82.54,76,19,19.51,KI,1602588679
ostrovnoy,68.05,39.51,39.0,75,93,15.08,RU,1602588707
enkoping,59.64,17.08,50.0,66,40,9.17,SE,1602588711
kayerkan,69.35,87.76,26.6,92,75,6.71,RU,1602588711
san cristobal,7.77,-72.22,67.77,85,100,2.89,VE,1602588711
mullheim,47.81,7.63,53.01,69,95,3.0,DE,1602588712
jovellanos,22.8,-81.19,73.4,100,20,1.12,CU,1602588712
ushuaia,-54.8,-68.3,38.86,78,51,9.95,AR,1602588680
puerto madryn,-42.77,-65.04,68.86,33,64,17.63,AR,1602588712
atuona,-9.8,-139.03,77.77,74,23,17.11,PF,1602588712
souillac,-20.52,57.52,80.6,69,40,14.99,MU,1602588712
kapaa,22.08,-159.32,80.6,78,40,13.87,US,1602588676
ondjiva,-17.07,15.73,89.6,19,20,6.93,AO,1602588713
puerto ayora,-0.74,-90.35,66.99,97,78,7.0,EC,1602588680
cairns,-16.92,145.77,75.2,83,40,10.29,AU,1602588660
baykit,61.67,96.37,26.2,93,22,0.83,RU,1602588714
vaini,-21.2,-175.2,71.6,78,75,10.29,TO,1602588681
carnarvon,-24.87,113.63,71.6,83,0,21.92,AU,1602588714
bengkulu,-3.8,102.27,78.8,85,76,3.56,ID,1602588640
agaro,7.85,36.65,75.85,64,72,0.94,ET,1602588714
castro,-24.79,-50.01,75.96,43,0,1.12,BR,1602588687
mahebourg,-20.41,57.7,80.6,69,40,14.99,MU,1602588693
rikitea,-23.12,-134.97,72.48,74,0,14.5,PF,1602588678
atuona,-9.8,-139.03,77.77,74,23,17.11,PF,1602588712
kapaa,22.08,-159.32,80.6,78,40,13.87,US,1602588676
maun,-19.98,23.42,86.0,22,0,5.82,BW,1602588715
port alfred,-33.59,26.89,65.66,52,34,33.84,ZA,1602588500
cape town,-33.93,18.42,66.99,48,12,18.34,ZA,1602588644
ushuaia,-54.8,-68.3,38.86,78,51,9.95,AR,1602588680
ushuaia,-54.8,-68.3,38.86,78,51,9.95,AR,1602588680
torbay,47.67,-52.73,43.0,86,20,8.05,CA,1602588716
mataura,-46.19,168.86,48.0,75,99,15.01,NZ,1602588678
bredasdorp,-34.53,20.04,66.2,48,40,9.17,ZA,1602588695
upernavik,72.79,-56.15,24.08,92,0,11.99,GL,1602588678
panzhihua,26.59,101.71,75.11,60,26,2.57,CN,1602588536
tashigang,27.33,91.55,66.56,71,0,0.07,BT,1602588716
yellowknife,62.46,-114.35,24.8,68,20,23.04,CA,1602588506
punta arenas,-53.15,-70.92,39.2,80,34,17.22,CL,1602588679
acapulco,16.86,-99.89,77.45,73,46,5.08,MX,1602588717
yumen,40.28,97.2,43.66,53,71,12.21,CN,1602588717
port alfred,-33.59,26.89,65.66,52,34,33.84,ZA,1602588500
port hardy,50.7,-127.42,44.6,93,90,29.97,CA,1602588686
nikolskoye,59.7,30.79,46.99,93,90,1.79,RU,1602588710
vaini,-21.2,-175.2,71.6,78,75,10.29,TO,1602588681
souillac,-20.52,57.52,80.6,69,40,14.99,MU,1602588712
tasiilaq,65.61,-37.64,42.8,81,75,39.15,GL,1602588718
kapaa,22.08,-159.32,80.6,78,40,13.87,US,1602588676
mandali,33.75,45.55,98.01,8,0,6.76,IQ,1602588718
albany,42.6,-73.97,48.99,89,100,4.32,US,1602588685
pudozh,61.81,36.53,46.99,91,100,0.4,RU,1602588678
kaitangata,-46.28,169.85,48.0,72,95,23.0,NZ,1602588718
saint anthony,45.02,-93.22,55.4,50,75,10.29,US,1602588719
arraias,-12.93,-46.94,82.69,53,61,6.31,BR,1602588719
oriximina,-1.77,-55.87,86.99,53,28,2.98,BR,1602588719
suntar,62.14,117.63,25.16,97,100,7.81,RU,1602588479
bluff,-46.6,168.33,48.0,75,95,15.01,NZ,1602588685
xiamen,24.48,118.08,77.0,69,75,15.66,CN,1602588582
vila franca do campo,37.72,-25.43,68.0,68,75,13.87,PT,1602588719
nikolskoye,59.7,30.79,46.99,93,90,1.79,RU,1602588710
busselton,-33.65,115.33,66.0,61,95,16.44,AU,1602588680
bouafle,6.99,-5.74,78.8,78,75,4.7,CI,1602588720
hithadhoo,-0.6,73.08,82.56,72,29,11.95,MV,1602588720
esperance,-33.87,121.9,68.0,64,76,14.99,AU,1602588706
anchorage,61.22,-149.9,37.99,74,75,1.57,US,1602588720
thompson,55.74,-97.86,35.6,80,75,12.75,CA,1602588689
sokoni,-6.43,39.55,84.2,74,75,10.29,TZ,1602588720
alofi,-19.06,-169.92,71.6,73,2,14.99,NU,1602588721
yellowknife,62.46,-114.35,24.8,68,20,23.04,CA,1602588506
busselton,-33.65,115.33,66.0,61,95,16.44,AU,1602588680
port augusta,-32.5,137.77,70.0,88,40,4.7,AU,1602588672
lewisville,33.05,-96.99,60.8,48,5,8.05,US,1602588617
bluff,-46.6,168.33,48.0,75,95,15.01,NZ,1602588685
busselton,-33.65,115.33,66.0,61,95,16.44,AU,1602588680
meulaboh,4.14,96.13,80.91,76,99,4.25,ID,1602588721
garmsar,35.22,52.34,73.63,18,0,3.02,IR,1602588722
punta arenas,-53.15,-70.92,39.2,80,34,17.22,CL,1602588679
hamilton,39.18,-84.53,46.99,93,75,3.98,US,1602588503
nioro,13.35,-15.75,85.28,68,85,7.72,GM,1602588723
sao filipe,14.9,-24.5,78.22,76,2,7.43,CV,1602588723
port hawkesbury,45.62,-61.35,45.0,76,20,4.7,CA,1602588723
bloomingdale,27.89,-82.24,73.99,94,1,4.74,US,1602588723
rikitea,-23.12,-134.97,72.48,74,0,14.5,PF,1602588678
rikitea,-23.12,-134.97,72.48,74,0,14.5,PF,1602588678
sabang,5.89,95.32,83.21,75,97,13.71,ID,1602588723
punta arenas,-53.15,-70.92,39.2,80,34,17.22,CL,1602588679
hithadhoo,-0.6,73.08,82.56,72,29,11.95,MV,1602588720
mataura,-46.19,168.86,48.0,75,99,15.01,NZ,1602588678
punta arenas,-53.15,-70.92,39.2,80,34,17.22,CL,1602588679
vaini,-21.2,-175.2,71.6,78,75,10.29,TO,1602588681
la palma,33.85,-118.05,66.2,72,1,1.54,US,1602588537
longyearbyen,78.22,15.64,32.0,94,75,2.24,SJ,1602588725
fortuna,40.6,-124.16,53.6,100,90,4.7,US,1602588725
klaksvik,62.23,-6.59,48.2,76,79,1.12,FO,1602588725
kemijarvi,66.71,27.43,39.09,85,76,4.9,FI,1602588725
georgetown,5.41,100.34,80.01,88,20,3.36,MY,1602588473
mataura,-46.19,168.86,48.0,75,99,15.01,NZ,1602588678
husavik,66.04,-17.34,42.8,60,16,12.75,IS,1602588726
tasiilaq,65.61,-37.64,42.8,81,75,39.15,GL,1602588718
port alfred,-33.59,26.89,65.66,52,34,33.84,ZA,1602588500
rikitea,-23.12,-134.97,72.48,74,0,14.5,PF,1602588678
punta cardon,11.66,-70.22,83.5,70,56,7.4,VE,1602588726
tuktoyaktuk,69.45,-133.04,21.45,93,100,12.91,CA,1602588704
komsomolskoye,55.26,47.55,62.28,62,72,7.0,RU,1602588727
dauphin,51.15,-100.05,41.0,65,90,26.4,CA,1602588727
goderich,43.75,-81.72,55.0,83,41,17.02,CA,1602588727
qaanaaq,77.48,-69.36,22.75,85,12,6.93,GL,1602588703
severo-kurilsk,50.68,156.12,48.97,87,100,28.74,RU,1602588728
castro,-24.79,-50.01,75.96,43,0,1.12,BR,1602588687
lompoc,34.64,-120.46,59.0,58,1,10.29,US,1602588728
mataura,-46.19,168.86,48.0,75,99,15.01,NZ,1602588678
ushuaia,-54.8,-68.3,38.86,78,51,9.95,AR,1602588680
morant bay,17.88,-76.41,80.6,83,20,2.24,JM,1602588729
mahebourg,-20.41,57.7,80.6,69,40,14.99,MU,1602588693
camacha,33.08,-16.33,71.6,68,20,18.34,PT,1602588729
nemuro,43.32,145.57,57.72,75,79,12.1,JP,1602588659
atkarsk,51.87,45.01,65.37,46,49,10.27,RU,1602588730
hasaki,35.73,140.83,68.0,88,75,4.7,JP,1602588490
huambo,-12.78,15.74,78.8,36,29,4.7,AO,1602588696
katsuura,35.13,140.3,70.0,88,40,9.17,JP,1602588692
kodiak,57.79,-152.41,44.6,81,90,3.36,US,1602588447
ushuaia,-54.8,-68.3,38.86,78,51,9.95,AR,1602588680
bradu,44.78,24.9,66.99,87,100,18.63,RO,1602588731
rikitea,-23.12,-134.97,72.48,74,0,14.5,PF,1602588678
amangarh,34.01,71.93,84.2,37,75,13.87,PK,1602588731
atuona,-9.8,-139.03,77.77,74,23,17.11,PF,1602588712
ushuaia,-54.8,-68.3,38.86,78,51,9.95,AR,1602588680
lebu,-37.62,-73.65,52.21,80,0,18.03,CL,1602588681
bluff,-46.6,168.33,48.0,75,95,15.01,NZ,1602588685
kotka,60.47,26.95,53.01,66,75,3.36,FI,1602588732
leningradskiy,69.38,178.42,19.29,87,28,4.65,RU,1602588691
valdosta,30.83,-83.28,68.0,93,1,2.89,US,1602588732
albany,42.6,-73.97,48.99,89,100,4.32,US,1602588685
victoria,22.29,114.16,77.0,91,100,4.0,HK,1602588647
yellowknife,62.46,-114.35,24.8,68,20,23.04,CA,1602588506
qandala,11.47,49.87,85.35,52,22,7.72,SO,1602588733
atuona,-9.8,-139.03,77.77,74,23,17.11,PF,1602588712
presidencia roque saenz pena,-26.79,-60.44,70.75,49,86,8.72,AR,1602588733
kaseda,31.42,130.32,62.6,82,0,5.82,JP,1602588563
bambous virieux,-20.34,57.76,80.6,69,40,14.99,MU,1602588733
nelson bay,-32.72,152.15,64.99,68,0,4.7,AU,1602588733
visby,57.64,18.3,53.01,71,40,11.41,SE,1602588733
pauini,-7.71,-66.98,83.21,59,96,1.7,BR,1602588734
ahipara,-35.17,173.17,54.86,90,35,6.17,NZ,1602588734
namibe,-15.2,12.15,75.2,64,4,6.93,AO,1602588686
sao filipe,14.9,-24.5,78.22,76,2,7.43,CV,1602588723
ushuaia,-54.8,-68.3,38.86,78,51,9.95,AR,1602588680
yashkul,46.17,45.34,76.23,30,0,18.66,RU,1602588484
miles city,46.41,-105.84,39.2,80,1,9.17,US,1602588734
kavieng,-2.57,150.8,82.9,76,100,8.7,PG,1602588735
hithadhoo,-0.6,73.08,82.56,72,29,11.95,MV,1602588720
bluff,-46.6,168.33,48.0,75,95,15.01,NZ,1602588685
paraiso,9.84,-83.87,68.0,82,93,6.93,CR,1602588735
bredasdorp,-34.53,20.04,66.2,48,40,9.17,ZA,1602588695
hilo,19.73,-155.09,73.4,88,90,9.17,US,1602588689
chokurdakh,70.63,147.92,19.42,93,100,8.21,RU,1602588690
atuona,-9.8,-139.03,77.77,74,23,17.11,PF,1602588712
lerwick,60.15,-1.15,50.0,76,20,24.16,GB,1602588468
felanitx,39.47,3.15,71.6,49,40,9.17,ES,1602588736
albany,42.6,-73.97,48.99,89,100,4.32,US,1602588685
qaanaaq,77.48,-69.36,22.75,85,12,6.93,GL,1602588703
carutapera,-1.2,-46.02,85.06,62,18,7.9,BR,1602588736
batagay-alyta,67.8,130.41,13.1,93,81,1.23,RU,1602588702
busselton,-33.65,115.33,66.0,61,95,16.44,AU,1602588680
honiara,-9.43,159.95,75.2,83,90,8.05,SB,1602588449
bontang,0.13,117.5,79.63,76,71,2.51,ID,1602588737
pitrufquen,-38.98,-72.65,46.4,100,90,3.36,CL,1602588737
butaritari,3.07,172.79,82.54,76,19,19.51,KI,1602588679
atuona,-9.8,-139.03,77.77,74,23,17.11,PF,1602588712
groningen,53.25,6.75,57.99,76,100,6.93,NL,1602588737
kelo,9.31,15.81,92.97,48,46,2.35,TD,1602588738
porto velho,-8.76,-63.9,77.0,83,75,2.24,BR,1602588738
saint-philippe,-21.36,55.77,80.6,61,15,8.05,RE,1602588709
pochutla,15.74,-96.47,75.0,87,92,2.8,MX,1602588738
bethel,41.37,-73.41,51.01,93,90,6.93,US,1602588738
shu,43.6,73.76,63.66,27,0,11.18,KZ,1602588738
nanortalik,60.14,-45.24,38.3,92,100,14.16,GL,1602588738
wuxue,29.85,115.55,67.37,79,2,5.35,CN,1602588739
hermanus,-34.42,19.23,66.0,55,11,7.0,ZA,1602588685
san policarpo,12.18,125.51,80.6,83,100,9.91,PH,1602588739
bonthe,7.53,-12.51,79.14,82,99,7.09,SL,1602588739
ribeira grande,38.52,-28.7,71.6,60,40,9.17,PT,1602588681
lompoc,34.64,-120.46,59.0,58,1,10.29,US,1602588728
lata,40.16,-8.33,78.01,47,5,8.81,PT,1602588740
bambous virieux,-20.34,57.76,80.6,69,40,14.99,MU,1602588733
namtsy,62.72,129.67,21.2,79,75,6.71,RU,1602588741
tupiza,-21.45,-65.72,56.46,58,97,3.62,BO,1602588741
hami,42.8,93.45,50.79,43,7,4.23,CN,1602588709
nome,64.5,-165.41,23.0,73,1,5.5,US,1602588718
port alfred,-33.59,26.89,65.66,52,34,33.84,ZA,1602588500
leningradskiy,69.38,178.42,19.29,87,28,4.65,RU,1602588691
praia da vitoria,38.73,-27.07,70.0,77,20,17.63,PT,1602588742
port alfred,-33.59,26.89,65.66,52,34,33.84,ZA,1602588500
hasaki,35.73,140.83,68.0,88,75,4.7,JP,1602588490
albany,42.6,-73.97,48.99,89,100,4.32,US,1602588685
cidreira,-30.18,-50.21,63.93,69,27,6.33,BR,1602588742
hermanus,-34.42,19.23,66.0,55,11,7.0,ZA,1602588685
kampong cham,11.99,105.46,76.51,92,100,3.94,KH,1602588743
mataura,-46.19,168.86,48.0,75,99,15.01,NZ,1602588678
kamenka,51.32,42.77,68.0,53,96,8.75,RU,1602588743
hobart,-42.88,147.33,46.4,75,9,3.36,AU,1602588687
cape town,-33.93,18.42,66.99,48,12,18.34,ZA,1602588644
castro,-24.79,-50.01,75.96,43,0,1.12,BR,1602588687
albany,42.6,-73.97,48.99,89,100,4.32,US,1602588685
chuy,-33.7,-53.46,58.14,83,100,8.03,UY,1602588693
ulundi,-28.34,31.42,93.16,16,0,5.01,ZA,1602588744
ponta do sol,32.67,-17.1,75.99,64,40,16.11,PT,1602588704
esperance,-33.87,121.9,68.0,64,76,14.99,AU,1602588706
mar del plata,-38.0,-57.56,55.99,81,0,5.82,AR,1602588683
puerto ayora,-0.74,-90.35,66.99,97,78,7.0,EC,1602588680
umm kaddadah,13.6,26.69,98.67,11,61,14.18,SD,1602588745
qaanaaq,77.48,-69.36,22.75,85,12,6.93,GL,1602588703
plettenberg bay,-34.05,23.37,62.53,53,36,12.93,ZA,1602588745
lasa,46.62,10.7,55.0,48,20,9.17,IT,1602588746
port alfred,-33.59,26.89,65.66,52,34,33.84,ZA,1602588500
lorengau,-2.02,147.27,82.33,77,99,6.4,PG,1602588695
busselton,-33.65,115.33,66.0,61,95,16.44,AU,1602588680
saint-francois,46.42,3.91,54.0,73,80,1.99,FR,1602588746
buraydah,26.33,43.98,91.4,16,0,4.7,SA,1602588746
jiaojiang,28.68,121.44,66.0,86,22,3.0,CN,1602588747
katsuura,35.13,140.3,70.0,88,40,9.17,JP,1602588692
cockburn town,21.46,-71.14,82.38,79,26,14.2,TC,1602588747
mwense,-10.38,28.7,89.06,35,71,3.47,ZM,1602588747
kodiak,57.79,-152.41,44.6,81,90,3.36,US,1602588447
busselton,-33.65,115.33,66.0,61,95,16.44,AU,1602588680
rikitea,-23.12,-134.97,72.48,74,0,14.5,PF,1602588678
butaritari,3.07,172.79,82.54,76,19,19.51,KI,1602588679
lorengau,-2.02,147.27,82.33,77,99,6.4,PG,1602588695
stornoway,58.21,-6.39,55.0,62,20,24.16,GB,1602588748
goryachegorsk,55.41,88.92,37.02,97,100,4.94,RU,1602588748
rikitea,-23.12,-134.97,72.48,74,0,14.5,PF,1602588678
tuktoyaktuk,69.45,-133.04,21.45,93,100,12.91,CA,1602588704
tiksi,71.69,128.87,13.1,96,76,3.2,RU,1602588683
nikolskoye,59.7,30.79,46.99,93,90,1.79,RU,1602588710
saskylakh,71.92,114.08,20.95,96,93,8.66,RU,1602588689
carnarvon,-24.87,113.63,71.6,83,0,21.92,AU,1602588714
bredasdorp,-34.53,20.04,66.2,48,40,9.17,ZA,1602588695
victoria,22.29,114.16,77.0,91,100,4.0,HK,1602588647
fowa,8.92,6.4,87.44,67,68,2.8,NG,1602588749
tigil,57.8,158.67,37.15,71,100,6.85,RU,1602588749
punta arenas,-53.15,-70.92,39.2,80,34,17.22,CL,1602588679
hobart,-42.88,147.33,46.4,75,9,3.36,AU,1602588687
lorengau,-2.02,147.27,82.33,77,99,6.4,PG,1602588695
mataura,-46.19,168.86,48.0,75,99,15.01,NZ,1602588678
arman,59.7,150.17,43.05,88,100,18.63,RU,1602588750
arraial do cabo,-22.97,-42.03,77.0,69,57,14.99,BR,1602588689
bluff,-46.6,168.33,48.0,75,95,15.01,NZ,1602588685
jamestown,42.1,-79.24,52.0,93,90,14.99,US,1602588750
hobart,-42.88,147.33,46.4,75,9,3.36,AU,1602588687
cape town,-33.93,18.42,66.99,48,12,18.34,ZA,1602588644
mangan,27.52,88.53,72.3,58,26,0.76,IN,1602588751
north bend,43.41,-124.22,62.01,93,90,10.29,US,1602588751
tautira,-17.73,-149.15,73.4,73,20,3.36,PF,1602588751
touros,-5.2,-35.46,80.6,74,75,8.05,BR,1602588751
barrow,71.29,-156.79,26.6,58,90,14.99,US,1602588688
jamestown,42.1,-79.24,52.0,93,90,14.99,US,1602588750
tiksi,71.69,128.87,13.1,96,76,3.2,RU,1602588683
butaritari,3.07,172.79,82.54,76,19,19.51,KI,1602588679
sao joao da barra,-21.64,-41.05,73.4,83,90,5.82,BR,1602588752
rikitea,-23.12,-134.97,72.48,74,0,14.5,PF,1602588678
hofn,64.25,-15.21,47.23,78,11,8.86,IS,1602588752
borazjan,29.27,51.22,91.4,43,0,11.41,IR,1602588752
kapaa,22.08,-159.32,80.6,78,40,13.87,US,1602588676
sioux lookout,50.1,-91.92,42.8,75,90,9.17,CA,1602588752
bredasdorp,-34.53,20.04,66.2,48,40,9.17,ZA,1602588695
albany,42.6,-73.97,48.99,89,100,4.32,US,1602588685
castro,-24.79,-50.01,75.96,43,0,1.12,BR,1602588687
pangnirtung,66.15,-65.71,24.8,85,20,3.71,CA,1602588681
hobart,-42.88,147.33,46.4,75,9,3.36,AU,1602588687
new norfolk,-42.78,147.06,44.01,71,8,0.45,AU,1602588753
rikitea,-23.12,-134.97,72.48,74,0,14.5,PF,1602588678
rikitea,-23.12,-134.97,72.48,74,0,14.5,PF,1602588678
kapaa,22.08,-159.32,80.6,78,40,13.87,US,1602588676
albany,42.6,-73.97,48.99,89,100,4.32,US,1602588685
rawson,-43.3,-65.1,68.5,34,100,14.56,AR,1602588696
mataura,-46.19,168.86,48.0,75,99,15.01,NZ,1602588678
la spezia,44.11,9.84,66.2,37,20,4.7,IT,1602588742
ferrol,43.48,-8.24,59.0,77,40,8.05,ES,1602588754
doische,50.13,4.74,53.01,93,75,12.75,BE,1602588754
hermanus,-34.42,19.23,66.0,55,11,7.0,ZA,1602588685
barrow,71.29,-156.79,26.6,58,90,14.99,US,1602588688
novyy urgal,51.07,132.56,27.93,89,84,2.98,RU,1602588755
bonthe,7.53,-12.51,79.14,82,99,7.09,SL,1602588739
barrow,71.29,-156.79,26.6,58,90,14.99,US,1602588688
touros,-5.2,-35.46,80.6,74,75,8.05,BR,1602588751
barrow,71.29,-156.79,26.6,58,90,14.99,US,1602588688
port alfred,-33.59,26.89,65.66,52,34,33.84,ZA,1602588500
ushuaia,-54.8,-68.3,38.86,78,51,9.95,AR,1602588680
marzuq,14.4,46.47,85.26,21,33,7.52,YE,1602588756
ngunguru,-35.62,174.5,54.0,90,83,5.88,NZ,1602588756
goderich,43.75,-81.72,55.0,83,41,17.02,CA,1602588727
hilo,19.73,-155.09,73.4,88,90,9.17,US,1602588689
seoul,37.57,126.98,59.0,41,1,6.96,KR,1602588502
tezu,27.92,96.17,79.97,66,0,3.02,IN,1602588757
sterling,39.01,-77.43,55.4,93,90,5.82,US,1602588757
puerto ayora,-0.74,-90.35,66.99,97,78,7.0,EC,1602588680
jamestown,42.1,-79.24,52.0,93,90,14.99,US,1602588750
tautira,-17.73,-149.15,73.4,73,20,3.36,PF,1602588751
cap malheureux,-19.98,57.61,78.01,73,30,8.99,MU,1602588758
rikitea,-23.12,-134.97,72.48,74,0,14.5,PF,1602588678
barrow,71.29,-156.79,26.6,58,90,14.99,US,1602588688
palmer,42.16,-72.33,52.0,100,90,8.05,US,1602588695
busselton,-33.65,115.33,66.0,61,95,16.44,AU,1602588680
palanga,55.92,21.07,53.6,76,99,5.82,LT,1602588758
biltine,14.53,20.92,98.87,14,0,3.09,TD,1602588759
rikitea,-23.12,-134.97,72.48,74,0,14.5,PF,1602588678
souillac,-20.52,57.52,80.6,69,40,14.99,MU,1602588712
spasskoye,44.61,132.8,45.95,57,50,15.75,RU,1602588759
nikolskoye,59.7,30.79,46.99,93,90,1.79,RU,1602588710
bathsheba,13.22,-59.52,82.4,78,20,3.36,BB,1602588760
ixtapa,20.7,-105.2,77.0,100,5,3.36,MX,1602588760
laredo,27.51,-99.51,75.2,88,90,8.05,US,1602588613
new norfolk,-42.78,147.06,44.01,71,8,0.45,AU,1602588753
carnarvon,-24.87,113.63,71.6,83,0,21.92,AU,1602588714
tuy hoa,13.08,109.3,78.71,88,98,4.59,VN,1602588760
dulyapino,57.26,40.81,55.4,87,90,4.47,RU,1602588761
kapaa,22.08,-159.32,80.6,78,40,13.87,US,1602588676
saskylakh,71.92,114.08,20.95,96,93,8.66,RU,1602588689
rikitea,-23.12,-134.97,72.48,74,0,14.5,PF,1602588678
nantucket,41.28,-70.1,59.0,87,90,17.22,US,1602588761
vaini,-21.2,-175.2,71.6,78,75,10.29,TO,1602588681
tornio,65.85,24.15,39.2,93,90,8.05,FI,1602588761
rikitea,-23.12,-134.97,72.48,74,0,14.5,PF,1602588678
kapaa,22.08,-159.32,80.6,78,40,13.87,US,1602588676
rapid valley,44.06,-103.15,46.4,45,1,13.87,US,1602588762
nova olimpia,-14.8,-57.29,90.7,41,57,1.79,BR,1602588762
novyy yarychiv,49.9,24.31,50.0,100,90,4.47,UA,1602588762
mataura,-46.19,168.86,48.0,75,99,15.01,NZ,1602588678
port alfred,-33.59,26.89,65.66,52,34,33.84,ZA,1602588500
waycross,31.21,-82.35,64.4,82,1,3.53,US,1602588763
marrakesh,31.63,-8.01,80.6,28,58,3.36,MA,1602588496
chimbote,-9.09,-78.58,61.92,89,93,5.3,PE,1602588763
sitka,57.05,-135.33,42.8,87,75,4.47,US,1602588702
lima,-12.04,-77.03,60.8,87,90,5.82,PE,1602588406
kapaa,22.08,-159.32,80.6,78,40,13.87,US,1602588676
dondo,-19.61,34.74,78.8,69,75,9.17,MZ,1602588763
ushuaia,-54.8,-68.3,38.86,78,51,9.95,AR,1602588680
rikitea,-23.12,-134.97,72.48,74,0,14.5,PF,1602588678
rawson,-43.3,-65.1,68.5,34,100,14.56,AR,1602588696
albany,42.6,-73.97,48.99,89,100,4.32,US,1602588685
mar del plata,-38.0,-57.56,55.99,81,0,5.82,AR,1602588683
sidi ali,36.1,0.42,68.58,35,0,4.38,DZ,1602588764
vitim,59.45,112.56,27.59,85,95,8.01,RU,1602588764
new norfolk,-42.78,147.06,44.01,71,8,0.45,AU,1602588753
vaini,-21.2,-175.2,71.6,78,75,10.29,TO,1602588681
tiksi,71.69,128.87,13.1,96,76,3.2,RU,1602588683
umm kaddadah,13.6,26.69,98.67,11,61,14.18,SD,1602588745
ribeira grande,38.52,-28.7,71.6,60,40,9.17,PT,1602588681
vaini,-21.2,-175.2,71.6,78,75,10.29,TO,1602588681
geraldton,-28.77,114.6,68.0,77,90,9.17,AU,1602588693
barrow,71.29,-156.79,26.6,58,90,14.99,US,1602588688
thompson,55.74,-97.86,35.6,80,75,12.75,CA,1602588689
tanout,14.97,8.89,99.09,11,0,7.81,NE,1602588766
oruro,-17.98,-67.15,46.4,70,20,11.41,BO,1602588766
reconquista,-29.15,-59.65,64.92,62,0,8.66,AR,1602588767
hermanus,-34.42,19.23,66.0,55,11,7.0,ZA,1602588685
hermanus,-34.42,19.23,66.0,55,11,7.0,ZA,1602588685
upernavik,72.79,-56.15,24.08,92,0,11.99,GL,1602588678
zhangjiakou,40.81,114.88,44.47,47,95,6.69,CN,1602588722
thompson,55.74,-97.86,35.6,80,75,12.75,CA,1602588689
punta arenas,-53.15,-70.92,39.2,80,34,17.22,CL,1602588679
pyay,18.82,95.22,81.57,85,62,2.91,MM,1602588491
guerrero negro,27.98,-114.06,73.9,62,95,2.15,MX,1602588684
dinard,48.63,-2.06,53.6,71,76,14.99,FR,1602588768
hami,42.8,93.45,50.79,43,7,4.23,CN,1602588709
samarai,-10.62,150.67,79.86,89,92,13.82,PG,1602588768
bosaso,11.28,49.18,87.8,70,0,8.05,SO,1602588768
nishihara,26.18,127.76,78.8,64,40,10.29,JP,1602588601
san quintin,30.48,-115.95,71.1,52,11,2.26,MX,1602588768
ushuaia,-54.8,-68.3,38.86,78,51,9.95,AR,1602588680
lebu,-37.62,-73.65,52.21,80,0,18.03,CL,1602588681
hermanus,-34.42,19.23,66.0,55,11,7.0,ZA,1602588685
jamestown,42.1,-79.24,52.0,93,90,14.99,US,1602588750
albany,42.6,-73.97,48.99,89,100,4.32,US,1602588685
new norfolk,-42.78,147.06,44.01,71,8,0.45,AU,1602588753
kholmogory,64.22,41.66,48.2,81,75,6.71,RU,1602588769
monrovia,6.3,-10.8,84.2,74,75,3.36,LR,1602588769
rach gia,10.02,105.08,77.0,100,75,11.41,VN,1602588730
kuyanovo,55.8,54.54,54.05,52,83,6.22,RU,1602588770
jamestown,42.1,-79.24,52.0,93,90,14.99,US,1602588750
mataura,-46.19,168.86,48.0,75,99,15.01,NZ,1602588678
hobart,-42.88,147.33,46.4,75,9,3.36,AU,1602588687
bambous virieux,-20.34,57.76,80.6,69,40,14.99,MU,1602588733
san patricio,28.02,-97.52,71.6,83,20,6.93,US,1602588684
arraial do cabo,-22.97,-42.03,77.0,69,57,14.99,BR,1602588689
luanda,-8.84,13.23,82.4,65,20,9.17,AO,1602588770
ushuaia,-54.8,-68.3,38.86,78,51,9.95,AR,1602588680
arraial do cabo,-22.97,-42.03,77.0,69,57,14.99,BR,1602588689
richards bay,-28.78,32.04,85.06,42,0,8.7,ZA,1602588771
sorochinsk,52.43,53.16,62.51,29,74,8.16,RU,1602588771
mataura,-46.19,168.86,48.0,75,99,15.01,NZ,1602588678
north myrtle beach,33.82,-78.68,71.6,94,90,3.36,US,1602588640
gazanjyk,39.24,55.52,74.97,16,0,18.45,TM,1602588771
